rk,-Mzk5Au79sa1XfazCU-K,2022-04-06 17:21:09.669874,UNIT,114
rk,-Mzk5Au79sa1XfazCU-K,2022-04-06 17:21:21.693829,UNIT,243
rk,-Mzk5Au79sa1XfazCU-K,2022-04-06 17:21:33.732638,UNIT,149
rk,-Mzk5Au79sa1XfazCU-K,2022-04-06 17:22:49.380489,UNIT,30
rk,-Mzk5Au79sa1XfazCU-K,2022-04-06 17:23:01.417448,UNIT,58
the back light,-MzjyWUWaQ0wAxMTw-V2,2022-04-06 17:24:33.713468,UNIT,110
jdkd,-Mzk0btRi7JdTGeTiiGS,2022-04-06 17:24:33.714468,UNIT,185
jr,-Mzk0hVAVs5nLCPwQwV_,2022-04-06 17:24:33.714976,UNIT,1
3iei,-Mzk555B7EO3T8kI9Th1,2022-04-06 17:24:33.714976,UNIT,8
rk,-Mzk5Au79sa1XfazCU-K,2022-04-06 17:24:33.716867,UNIT,31
the back light,-MzjyWUWaQ0wAxMTw-V2,2022-04-06 17:24:45.755705,UNIT,140
jdkd,-Mzk0btRi7JdTGeTiiGS,2022-04-06 17:24:45.756710,UNIT,153
jr,-Mzk0hVAVs5nLCPwQwV_,2022-04-06 17:24:45.757707,UNIT,242
3iei,-Mzk555B7EO3T8kI9Th1,2022-04-06 17:24:45.758708,UNIT,126
rk,-Mzk5Au79sa1XfazCU-K,2022-04-06 17:24:45.758708,UNIT,143
the back light,-MzjyWUWaQ0wAxMTw-V2,2022-04-06 17:24:57.790196,UNIT,248
jdkd,-Mzk0btRi7JdTGeTiiGS,2022-04-06 17:24:57.791199,UNIT,224
jr,-Mzk0hVAVs5nLCPwQwV_,2022-04-06 17:24:57.791428,UNIT,194
3iei,-Mzk555B7EO3T8kI9Th1,2022-04-06 17:24:57.791428,UNIT,73
rk,-Mzk5Au79sa1XfazCU-K,2022-04-06 17:24:57.791428,UNIT,225
